gowked	gowk
crocheting	crochet
unpredisposing	unpredispos
unwincing	unwinc
ironworking	ironwork
typewriting	typewrit
gathering	gather
barring	bar
perplexment	perplex
overcrowded	overcrowd
undeclining	undeclin
unamalgamated	unamalgam
slugged	slug
subcrossing	subcross
unremedied	unremedi
wristed	wrist
ted	ted
unconscienced	unconscienc
begartered	begart
precreed	precre
lated	late
counterjudging	counterjudg
infolding	infold
forthgoing	forthgo
unadvertising	unadvertis
schooled	school
forepretended	forepretend
disenjoyment	disenjoy
disordered	disord
bonneted	bonnet
unwriggled	unwriggl
bouldering	boulder
yestermorn	yestermorn
simplexed	simplex
soliciting	solicit
unportraited	unportrait
anchored	anchor
overeyebrowed	overeyebrow
darting	dart
hooping	hoop
nonalienating	nonalien
posting	post
wholehearted	wholeheart
coraled	coral
interallied	inter
shieling	shiel
abandoned	abandon
unhumbugged	unhumbug
catamiting	catamit
unpoisoned	unpoison
topman	topman
gazetteer	gazett
yamilke	yamilk
unheeding	unheed
biaxal	biaxal
akontae	akonta
pretrace	pretrac
guardo	guardo
manneristically	mannerist
japonicize	japonic
parametrium	parametrium
inequigranular	inequigranular
chelingo	chelingo
storge	storg
deification	deific
flabrum	flabrum
mirk	mirk
aggregateness	aggreg
dropflower	dropflow
radialia	radialia
morbiferous	morbifer
amidid	amidid
burp	burp
billposting	billpost
spermatocystitis	spermatocyst
omniactive	omniact
malduck	malduck
algine	algin
overdiffuseness	overdiffus
reconfer	reconf
subscleral	subscler
medullization	medul
inflatus	inflatus
thoroughness	thorough
atavic	atav
dimit	dimit
track	track
antennaria	antennaria
preobviously	preobvious
intervolve	intervolv
sailflying	sailfli
crepusculine	crepusculin
raki	raki
dolichostylous	dolichostyl
substriate	substriat
inquiet	inquiet
platymesaticephalic	platymesaticephal
telemetry	telemetri
uraemic	uraem
interrogable	interrog
polyacanthus	polyacanthus
frictionize	friction
sandalwood	sandalwood
harpier	harpier
polydynamic	polydynam
billionth	billionth
uncuffed	uncuf
nitrocellulose	nitrocellulos
cuculidae	cuculida
stainable	stainabl
nonmeteoric	nonmeteor
prerespire	prerespir
tristania	tristania
missis	missi
selective	select
retepore	retepor
copartnership	copartnership
cylindruria	cylindruria
typhlosole	typhlosol
cusk	cusk
parthenocarpical	parthenocarp
heroistic	heroist
secretum	secretum
undergrad	undergrad
oxberry	oxberri
depopulative	depopul
preconviction	preconvict
canonry	canonri
betonica	betonica
bretwaldadom	bretwaldadom
mart	mart
antimagistratical	antimagistrat
plupatriotic	plupatriot
foremostly	foremost
polymyarian	polymyarian
froghood	froghood
undimpled	undimpl
presentationist	presentationist
holostomata	holostomata
cagn	cagn
interrupted	interrupt
gastrodiaphanoscopy	gastrodiaphanoscopi
performant	perform
gromatic	gromat
yot	yot
tipsify	tipsifi
montanistical	montanist
peyotl	peyotl
doubtable	doubtabl
faltche	faltch
collembola	collembola
cabin	cabin
radiotelephonic	radiotelephon
trammer	trammer
cashboy	cashboy
southeast	southeast
truistical	truistic
unhairer	unhair
ocelliform	ocelliform
engraulis	engrauli
hirudinea	hirudinea
perplexedly	perplex
clay	clay
surfboat	surfboat
previde	previd
bridgebote	bridgebot
jollier	jollier
counteraction	counteract
moisty	moisti
anguilloid	anguilloid
asterina	asterina
regain	regain
lymphocyte	lymphocyt
labrosaurus	labrosaurus
alternisepalous	alternisepal
copestone	copeston
unclean	unclean
echinostomiasis	echinostomiasi
shippable	shippabl
adherescent	adheresc
dryopians	dryopian
unarithmetically	unarithmet
superdominant	superdomin
assumptionist	assumptionist
peloric	pelor
ministration	ministr
synchondrosial	synchondrosi
bodybuilder	bodybuild
ideologist	ideologist
aid	aid
trichothallic	trichothal
isonymic	isonym
obidicut	obidicut
demote	demot
antibody	antibodi
bedown	bedown
fetishization	fetish
naissance	naissanc
phagocytable	phagocyt
dermatalgia	dermatalgia
tangly	tang
mulatta	mulatta
gliddery	glidderi
dodecafid	dodecafid
blucher	blucher
bryogenin	bryogenin
phytosociologically	phytosociolog
paraglossia	paraglossia
robustiously	robusti
courage	courag
sideslip	sideslip
periphlebitis	periphleb
piedmontite	piedmontit
uncontracted	uncontract
enravishingly	enravish
exclusionist	exclusionist
bringal	bringal
malvolition	malvolit
correctitude	correctitud
afflictionless	afflictionless
misadaptation	misadapt
tendance	tendanc
hyperthermic	hypertherm
sacque	sacqu
yakattalo	yakattalo
lubritorian	lubritorian
uncreditably	uncredit
corrie	corri
yeraver	yerav
queeve	queev
shore	shore
unchildishness	unchildish
lood	lood
barbed	barb
simpletonism	simpleton
unhewn	unhewn
zoned	zone
resoluteness	resolut
suzanne	suzann
ennobler	ennobl
perk	perk
given	given
mardy	mardi
list	list
gnomonia	gnomonia
thlingchadinne	thlingchadinn
uranous	uran
physiologicoanatomic	physiologicoanatom
pulmonifera	pulmonifera
phenylene	phenylen
aromatizer	aromat
ungainsome	ungainsom
gabelled	gabel
cacophonical	cacophon
ambushment	ambush
redressable	redress
circumpacific	circumpacif
hoper	hoper
pilewort	pilewort
struthonine	struthonin
unmeddlesome	unmeddlesom
megalocardia	megalocardia
esthacyte	esthacyt
cosmism	cosmism
sander	sander
benben	benben
hydrocotarnine	hydrocotarnin
pix	pix
shoalbrain	shoalbrain
peremptorily	peremptorili
capernaitically	capernait
enchelycephali	enchelycephali
winterberry	winterberri
piscatorially	piscatori
nepheloid	nepheloid
tussicular	tussicular
molimen	molimen
stampeder	stamped
floricin	floricin
accrescent	accresc
hyaloid	hyaloid
isopolity	isopol
aluminite	aluminit
transmutability	transmut
clericalize	cleric
sylvester	sylvest
veliform	veliform
legume	legum
diffusedly	diffus
trojan	trojan
sermonics	sermon
anatomicochirurgical	anatomicochirurg
cremule	cremul
ruscus	ruscus
mojarra	mojarra
swack	swack
mallow	mallow
bespy	bespi
maidism	maidism
sloucher	sloucher
fortifier	fortifi
nonevanescent	nonevanesc
prolation	prolat
shrewly	shrewli
pendulousness	pendul
steatoma	steatoma
phthoric	phthoric
cuculla	cuculla
panel	panel
parsleylike	parsleylik
glycerizin	glycerizin
fevercup	fevercup
zoophytography	zoophytographi
biochemist	biochemist
eburnean	eburnean
waivod	waivod
autoprogressive	autoprogress
valentinian	valentinian
wrestable	wrestabl
olenellus	olenellus
isovalerianic	isovalerian
titration	titrat
alcoholic	alcohol
morrhuate	morrhuat
pseudocandid	pseudocandid
logometric	logometr
geratologic	geratolog
serofluid	serofluid
hematozymosis	hematozymosi
limital	limit
immaterialist	immaterialist
unannotated	unannot
gradual	gradual
footstep	footstep
hypermetropia	hypermetropia
consubstantiation	consubstanti
kept	kept
apiece	apiec
maenad	maenad
winrace	winrac
underclerk	underclerk
scioterical	scioter
nonappraisal	nonapprais
tantarabobus	tantarabobus
photonephograph	photonephograph
whirlwindish	whirlwindish
expound	expound
pelvirectal	pelvirect
forthtell	forthtel
sigil	sigil
blasphemousness	blasphem
juration	jurat
dorsalmost	dorsalmost
xiphiura	xiphiura
fender	fender
unsuperficial	unsuperfici
cocklet	cocklet
opticociliary	opticociliari
introitus	introitus
calcitrant	calcitr
raggety	raggeti
myoclonic	myoclon
catasetum	catasetum
fossilify	fossilifi
pleonastical	pleonast
thickbrained	thickbrain
miction	miction
actinoidea	actinoidea
upbring	upbr
anticancer	anticanc
faintish	faintish
trachelodynia	trachelodynia
unsonlike	unsonlik
calor	calor
ethiop	ethiop
tendinal	tendin
plangent	plangent
relend	relend
neoacademic	neoacadem
apiaceous	apiac
linkedness	linked
unbeneficent	unbenefic
benzene	benzen
forepad	forepad
deviscerate	deviscer
innovational	innov
plecopteran	plecopteran
coawareness	coawar
raniform	raniform
unobtruding	unobtrud
toom	toom
blimy	blimi
cyanformate	cyanform
sumbul	sumbul
outbulk	outbulk
lamba	lamba
putricide	putricid
sensitize	sensit
initis	initi
gesticularious	gesticulari
belyingly	beli
ravens	raven
slavikite	slavikit
runefolk	runefolk
pseudoprofessorial	pseudoprofessori
courageous	courag
antisideric	antisider
catfish	catfish
surrealist	surrealist
dactylate	dactyl
alchemize	alchem
chowk	chowk
puzzlement	puzzlement
seth	seth
circummure	circummur
subjected	subject
ghurry	ghurri
necrolatry	necrolatri
ziarat	ziarat
speakless	speakless
girgasite	girgasit
poditic	podit
truckler	truckler
thoro	thoro
arceuthobium	arceuthobium
undutiable	unduti
aperch	aperch
proximolabial	proximolabi
teleoceras	teleocera
presuperficially	presuperfici
bronchium	bronchium
hexarchy	hexarchi
anachronism	anachron
choanoflagellate	choanoflagel
implement	implement
bobbinite	bobbinit
conterminousness	contermin
unwinning	unwin
distributed	distribut
dionaeaceae	dionaeacea
mastoideocentesis	mastoideocentesi
hearthwarming	hearthwarm
tautegory	tautegori
radiotelegraph	radiotelegraph
duces	duce
pastorly	pastor
prehistory	prehistori
uppowoc	uppowoc
mesmerism	mesmer
saved	save
inkra	inkra
pardalote	pardalot
roofman	roofman
drivable	drivabl
supplely	suppl
pisciferous	piscifer
superfuse	superfus
hainai	hainai
motorway	motorway
windrower	windrow
sanjakship	sanjakship
reprise	repris
cheekpiece	cheekpiec
indeterminately	indetermin
jiffy	jiffi
thysanourous	thysanour
gyrodactylus	gyrodactylus
uninominal	uninomin
antiquer	antiqu
nymphalidae	nymphalida
laevorotatory	laevorotatori
impecuniosity	impecunios
stomachically	stomach
disintegrationist	disintegrationist
taxingly	tax
ronsardism	ronsard
pattened	patten
contrastimulation	contrastimul
disliker	dislik
headwark	headwark
liniment	liniment
malpighiaceous	malpighiac
augurous	augur
antisupernaturalist	antisupernaturalist
headlongwise	headlongwis
suchos	sucho
massotherapy	massotherapi
netcha	netcha
unenjoyingly	unenjoy
continuity	continu
prepyramidal	prepyramid
lozengy	lozengi
interfoliaceous	interfoliac
ericolin	ericolin
harlot	harlot
anoplocephalic	anoplocephal
sculsh	sculsh
gloria	gloria
misemphasize	misemphas
underread	underread
cremator	cremat
laryngostomy	laryngostomi
unelegant	uneleg
intermezzo	intermezzo
populism	popul
agreeableness	agreeabl
payee	paye
zymoscope	zymoscop
ratchety	ratcheti
reflate	reflat
matricide	matricid
uncrime	uncrim
puan	puan
cypraea	cypraea
metropolitical	metropolit
deepener	deepen
sanguineophlegmatic	sanguineophlegmat
throaty	throati
mediastine	mediastin
autunite	autunit
motorcab	motorcab
unparallel	unparallel
acatholic	acathol
kratogen	kratogen
repletion	replet
jud	jud
exocoele	exocoel
astronomically	astronom
suffect	suffect
anisotropy	anisotropi
maleficiation	malefici
knob	knob
impeccancy	impecc
superdural	superdur
scutigeral	scutiger
spathic	spathic
scopulite	scopulit
visile	visil
flytrap	flytrap
stauraxonia	stauraxonia
countermutiny	countermutini
clinchingness	clinching
protoperlaria	protoperlaria
aviatoriality	aviatori
tahr	tahr
prepayment	prepay
unconfess	unconfess
overlate	overl
myrmicoid	myrmicoid
percental	percent
