allow_alter_system	on	on	sighup	bool	Version and Platform Compatibility / Other Platforms and Clients	Allows running the ALTER SYSTEM command.					on
allow_in_place_tablespaces	off	off	superuser	bool	Developer Options	Allows tablespaces directly inside pg_tblspc, for testing.					off
allow_system_table_mods	off	off	superuser	bool	Developer Options	Allows modifications of the structure of system tables.					off
application_name			user	string	Reporting and Logging / What to Log	Sets the application name to be reported in statistics and logs.					
archive_cleanup_command			sighup	string	Write-Ahead Log / Archive Recovery	Sets the shell command that will be executed at every restart point.					
archive_command	(disabled)	(disabled)	sighup	string	Write-Ahead Log / Archiving	Sets the shell command that will be called to archive a WAL file.					
archive_library			sighup	string	Write-Ahead Log / Archiving	Sets the library that will be called to archive a WAL file.					
archive_mode	off	off	postmaster	enum	Write-Ahead Log / Archiving	Allows archiving of WAL files using "archive_command".				{always,on,off}	off
archive_timeout	0	0	sighup	integer	Write-Ahead Log / Archiving	Sets the amount of time to wait before forcing a switch to the next WAL file.	s	0	1073741823		0
array_nulls	on	on	user	bool	Version and Platform Compatibility / Previous PostgreSQL Versions	Enables input of NULL elements in arrays.					on
authentication_timeout	1min	60	sighup	integer	Connections and Authentication / Authentication	Sets the maximum allowed time to complete client authentication.	s	1	600		60
autovacuum	on	on	sighup	bool	Vacuuming / Automatic Vacuuming	Starts the autovacuum subprocess.					on
autovacuum_analyze_scale_factor	0.1	0.1	sighup	real	Vacuuming / Automatic Vacuuming	Number of tuple inserts, updates, or deletes prior to analyze as a fraction of reltuples.		0	100		0.1
autovacuum_analyze_threshold	50	50	sighup	integer	Vacuuming / Automatic Vacuuming	Minimum number of tuple inserts, updates, or deletes prior to analyze.		0	2147483647		50
autovacuum_freeze_max_age	200000000	200000000	postmaster	integer	Vacuuming / Automatic Vacuuming	Age at which to autovacuum a table to prevent transaction ID wraparound.		100000	2000000000		200000000
autovacuum_max_workers	3	3	sighup	integer	Vacuuming / Automatic Vacuuming	Sets the maximum number of simultaneously running autovacuum worker processes.		1	262143		3
autovacuum_multixact_freeze_max_age	400000000	400000000	postmaster	integer	Vacuuming / Automatic Vacuuming	Multixact age at which to autovacuum a table to prevent multixact wraparound.		10000	2000000000		400000000
autovacuum_naptime	1min	60	sighup	integer	Vacuuming / Automatic Vacuuming	Time to sleep between autovacuum runs.	s	1	2147483		60
autovacuum_vacuum_cost_delay	2ms	2	sighup	real	Vacuuming / Automatic Vacuuming	Vacuum cost delay in milliseconds, for autovacuum.	ms	-1	100		2
autovacuum_vacuum_cost_limit	-1	-1	sighup	integer	Vacuuming / Automatic Vacuuming	Vacuum cost amount available before napping, for autovacuum.		-1	10000		-1
autovacuum_vacuum_insert_scale_factor	0.2	0.2	sighup	real	Vacuuming / Automatic Vacuuming	Number of tuple inserts prior to vacuum as a fraction of reltuples.		0	100		0.2
autovacuum_vacuum_insert_threshold	1000	1000	sighup	integer	Vacuuming / Automatic Vacuuming	Minimum number of tuple inserts prior to vacuum.		-1	2147483647		1000
autovacuum_vacuum_max_threshold	100000000	100000000	sighup	integer	Vacuuming / Automatic Vacuuming	Maximum number of tuple updates or deletes prior to vacuum.		-1	2147483647		100000000
autovacuum_vacuum_scale_factor	0.2	0.2	sighup	real	Vacuuming / Automatic Vacuuming	Number of tuple updates or deletes prior to vacuum as a fraction of reltuples.		0	100		0.2
autovacuum_vacuum_threshold	50	50	sighup	integer	Vacuuming / Automatic Vacuuming	Minimum number of tuple updates or deletes prior to vacuum.		0	2147483647		50
autovacuum_work_mem	-1	-1	sighup	integer	Resource Usage / Memory	Sets the maximum memory to be used by each autovacuum worker process.	kB	-1	2147483647		-1
autovacuum_worker_slots	16	16	postmaster	integer	Vacuuming / Automatic Vacuuming	Sets the number of backend slots to allocate for autovacuum workers.		1	262143		16
backend_flush_after	0	0	user	integer	Resource Usage / I/O	Number of pages after which previously performed writes are flushed to disk.	8kB	0	256		0
backslash_quote	safe_encoding	safe_encoding	user	enum	Version and Platform Compatibility / Previous PostgreSQL Versions	Sets whether "\'" is allowed in string literals.				{safe_encoding,on,off}	safe_encoding
backtrace_functions			superuser	string	Developer Options	Log backtrace for errors in these functions.					
bgwriter_delay	200ms	200	sighup	integer	Resource Usage / Background Writer	Background writer sleep time between rounds.	ms	10	10000		200
bgwriter_flush_after	512kB	64	sighup	integer	Resource Usage / Background Writer	Number of pages after which previously performed writes are flushed to disk.	8kB	0	256		64
bgwriter_lru_maxpages	100	100	sighup	integer	Resource Usage / Background Writer	Background writer maximum number of LRU pages to flush per round.		0	1073741823		100
bgwriter_lru_multiplier	2	2	sighup	real	Resource Usage / Background Writer	Multiple of the average buffer usage to free per round.		0	10		2
block_size	8192	8192	internal	integer	Preset Options	Shows the size of a disk block.		8192	8192		8192
bonjour	off	off	postmaster	bool	Connections and Authentication / Connection Settings	Enables advertising the server via Bonjour.					off
bonjour_name			postmaster	string	Connections and Authentication / Connection Settings	Sets the Bonjour service name.					
bytea_output	hex	hex	user	enum	Client Connection Defaults / Statement Behavior	Sets the output format for bytea.				{escape,hex}	hex
check_function_bodies	on	on	user	bool	Client Connection Defaults / Statement Behavior	Check routine bodies during CREATE FUNCTION and CREATE PROCEDURE.					on
checkpoint_completion_target	0.9	0.9	sighup	real	Write-Ahead Log / Checkpoints	Time spent flushing dirty buffers during checkpoint, as fraction of checkpoint interval.		0	1		0.9
checkpoint_flush_after	256kB	32	sighup	integer	Write-Ahead Log / Checkpoints	Number of pages after which previously performed writes are flushed to disk.	8kB	0	256		32
checkpoint_timeout	5min	300	sighup	integer	Write-Ahead Log / Checkpoints	Sets the maximum time between automatic WAL checkpoints.	s	30	86400		300
checkpoint_warning	30s	30	sighup	integer	Write-Ahead Log / Checkpoints	Sets the maximum time before warning if checkpoints triggered by WAL volume happen too frequently.	s	0	2147483647		30
client_connection_check_interval	0	0	user	integer	Connections and Authentication / TCP Settings	Sets the time interval between checks for disconnection while running queries.	ms	0	2147483647		0
client_encoding	UTF8	UTF8	user	string	Client Connection Defaults / Locale and Formatting	Sets the client's character set encoding.					SQL_ASCII
client_min_messages	notice	notice	user	enum	Client Connection Defaults / Statement Behavior	Sets the message levels that are sent to the client.				{debug5,debug4,debug3,debug2,debug1,log,notice,warning,error}	notice
cluster_name			postmaster	string	Reporting and Logging / Process Title	Sets the name of the cluster, which is included in the process title.					
commit_delay	0	0	superuser	integer	Write-Ahead Log / Settings	Sets the delay in microseconds between transaction commit and flushing WAL to disk.		0	100000		0
commit_siblings	5	5	user	integer	Write-Ahead Log / Settings	Sets the minimum number of concurrent open transactions required before performing "commit_delay".		0	1000		5
commit_timestamp_buffers	256kB	32	postmaster	integer	Resource Usage / Memory	Sets the size of the dedicated buffer pool used for the commit timestamp cache.	8kB	0	131072		0
compute_query_id	auto	auto	superuser	enum	Statistics / Monitoring	Enables in-core computation of query identifiers.				{auto,regress,on,off}	auto
config_file			postmaster	string	File Locations	Sets the server's main configuration file.					
constraint_exclusion	partition	partition	user	enum	Query Tuning / Other Planner Options	Enables the planner to use constraints to optimize queries.				{partition,on,off}	partition
cpu_index_tuple_cost	0.005	0.005	user	real	Query Tuning / Planner Cost Constants	Sets the planner's estimate of the cost of processing each index entry during an index scan.		0	1.79769e+308		0.005
cpu_operator_cost	0.0025	0.0025	user	real	Query Tuning / Planner Cost Constants	Sets the planner's estimate of the cost of processing each operator or function call.		0	1.79769e+308		0.0025
cpu_tuple_cost	0.01	0.01	user	real	Query Tuning / Planner Cost Constants	Sets the planner's estimate of the cost of processing each tuple (row).		0	1.79769e+308		0.01
createrole_self_grant			user	string	Client Connection Defaults / Statement Behavior	Sets whether a CREATEROLE user automatically grants the role to themselves, and with which options.					
cursor_tuple_fraction	0.1	0.1	user	real	Query Tuning / Other Planner Options	Sets the planner's estimate of the fraction of a cursor's rows that will be retrieved.		0	1		0.1
data_checksums	on	on	internal	bool	Preset Options	Shows whether data checksums are turned on for this cluster.					off
data_directory			postmaster	string	File Locations	Sets the server's data directory.					
data_directory_mode	0700	0700	internal	integer	Preset Options	Shows the mode of the data directory.		0	511		448
data_sync_retry	off	off	postmaster	bool	Error Handling	Whether to continue running after a failure to sync data files.					off
DateStyle	ISO, MDY	ISO, MDY	user	string	Client Connection Defaults / Locale and Formatting	Sets the display format for date and time values.					ISO, MDY
deadlock_timeout	1s	1000	superuser	integer	Lock Management	Sets the time to wait on a lock before checking for deadlock.	ms	1	2147483647		1000
debug_assertions	off	off	internal	bool	Preset Options	Shows whether the running server has assertion checks enabled.					off
debug_discard_caches	0	0	superuser	integer	Developer Options	Aggressively flush system caches for debugging purposes.		0	0		0
debug_io_direct			postmaster	string	Developer Options	Use direct I/O for file access.					
debug_logical_replication_streaming	buffered	buffered	user	enum	Developer Options	Forces immediate streaming or serialization of changes in large transactions.				{buffered,immediate}	buffered
debug_parallel_query	off	off	user	enum	Developer Options	Forces the planner's use parallel query nodes.				{off,on,regress}	off
debug_pretty_print	on	on	user	bool	Reporting and Logging / What to Log	Indents parse and plan tree displays.					on
debug_print_parse	off	off	user	bool	Reporting and Logging / What to Log	Logs each query's parse tree.					off
debug_print_plan	off	off	user	bool	Reporting and Logging / What to Log	Logs each query's execution plan.					off
debug_print_rewritten	off	off	user	bool	Reporting and Logging / What to Log	Logs each query's rewritten parse tree.					off
default_statistics_target	100	100	user	integer	Query Tuning / Other Planner Options	Sets the default statistics target.		1	10000		100
default_table_access_method	heap	heap	user	string	Client Connection Defaults / Statement Behavior	Sets the default table access method for new tables.					heap
default_tablespace			user	string	Client Connection Defaults / Statement Behavior	Sets the default tablespace to create tables and indexes in.					
default_text_search_config	pg_catalog.english	pg_catalog.english	user	string	Client Connection Defaults / Locale and Formatting	Sets default text search configuration.					pg_catalog.simple
default_toast_compression	pglz	pglz	user	enum	Client Connection Defaults / Statement Behavior	Sets the default compression method for compressible values.				{pglz,lz4}	pglz
default_transaction_deferrable	off	off	user	bool	Client Connection Defaults / Statement Behavior	Sets the default deferrable status of new transactions.					off
default_transaction_isolation	read committed	read committed	user	enum	Client Connection Defaults / Statement Behavior	Sets the transaction isolation level of each new transaction.				{serializable,"repeatable read","read committed","read uncommitted"}	read committed
default_transaction_read_only	off	off	user	bool	Client Connection Defaults / Statement Behavior	Sets the default read-only status of new transactions.					off
dynamic_library_path	$libdir	$libdir	superuser	string	Client Connection Defaults / Other Defaults	Sets the path for dynamically loadable modules.					$libdir
dynamic_shared_memory_type	posix	posix	postmaster	enum	Resource Usage / Memory	Selects the dynamic shared memory implementation used.				{posix,sysv,mmap}	posix
effective_cache_size	4GB	524288	user	integer	Query Tuning / Planner Cost Constants	Sets the planner's assumption about the total size of the data caches.	8kB	1	2147483647		524288
effective_io_concurrency	16	16	user	integer	Resource Usage / I/O	Number of simultaneous requests that can be handled efficiently by the disk subsystem.		0	1000		16
enable_async_append	on	on	user	bool	Query Tuning / Planner Method Configuration	Enables the planner's use of async append plans.					on
enable_bitmapscan	on	on	user	bool	Query Tuning / Planner Method Configuration	Enables the planner's use of bitmap-scan plans.					on
enable_distinct_reordering	on	on	user	bool	Query Tuning / Planner Method Configuration	Enables reordering of DISTINCT keys.					on
enable_gathermerge	on	on	user	bool	Query Tuning / Planner Method Configuration	Enables the planner's use of gather merge plans.					on
enable_group_by_reordering	on	on	user	bool	Query Tuning / Planner Method Configuration	Enables reordering of GROUP BY keys.					on
enable_hashagg	on	on	user	bool	Query Tuning / Planner Method Configuration	Enables the planner's use of hashed aggregation plans.					on
enable_hashjoin	on	on	user	bool	Query Tuning / Planner Method Configuration	Enables the planner's use of hash join plans.					on
enable_incremental_sort	on	on	user	bool	Query Tuning / Planner Method Configuration	Enables the planner's use of incremental sort steps.					on
enable_indexonlyscan	on	on	user	bool	Query Tuning / Planner Method Configuration	Enables the planner's use of index-only-scan plans.					on
enable_indexscan	on	on	user	bool	Query Tuning / Planner Method Configuration	Enables the planner's use of index-scan plans.					on
enable_material	on	on	user	bool	Query Tuning / Planner Method Configuration	Enables the planner's use of materialization.					on
enable_memoize	on	on	user	bool	Query Tuning / Planner Method Configuration	Enables the planner's use of memoization.					on
enable_mergejoin	on	on	user	bool	Query Tuning / Planner Method Configuration	Enables the planner's use of merge join plans.					on
enable_nestloop	on	on	user	bool	Query Tuning / Planner Method Configuration	Enables the planner's use of nested-loop join plans.					on
enable_parallel_append	on	on	user	bool	Query Tuning / Planner Method Configuration	Enables the planner's use of parallel append plans.					on
enable_parallel_hash	on	on	user	bool	Query Tuning / Planner Method Configuration	Enables the planner's use of parallel hash plans.					on
enable_partition_pruning	on	on	user	bool	Query Tuning / Planner Method Configuration	Enables plan-time and execution-time partition pruning.					on
enable_partitionwise_aggregate	off	off	user	bool	Query Tuning / Planner Method Configuration	Enables partitionwise aggregation and grouping.					off
enable_partitionwise_join	off	off	user	bool	Query Tuning / Planner Method Configuration	Enables partitionwise join.					off
enable_presorted_aggregate	on	on	user	bool	Query Tuning / Planner Method Configuration	Enables the planner's ability to produce plans that provide presorted input for ORDER BY / DISTINCT aggregate functions.					on
enable_self_join_elimination	on	on	user	bool	Query Tuning / Planner Method Configuration	Enables removal of unique self-joins.					on
enable_seqscan	on	on	user	bool	Query Tuning / Planner Method Configuration	Enables the planner's use of sequential-scan plans.					on
enable_sort	on	on	user	bool	Query Tuning / Planner Method Configuration	Enables the planner's use of explicit sort steps.					on
enable_tidscan	on	on	user	bool	Query Tuning / Planner Method Configuration	Enables the planner's use of TID scan plans.					on
escape_string_warning	on	on	user	bool	Version and Platform Compatibility / Previous PostgreSQL Versions	Warn about backslash escapes in ordinary string literals.					on
event_source	PostgreSQL	PostgreSQL	postmaster	string	Reporting and Logging / Where to Log	Sets the application name used to identify PostgreSQL messages in the event log.					PostgreSQL
event_triggers	on	on	superuser	bool	Client Connection Defaults / Statement Behavior	Enables event triggers.					on
exit_on_error	off	off	user	bool	Error Handling	Terminate session on any error.					off
extension_control_path	$system	$system	superuser	string	Client Connection Defaults / Other Defaults	Sets the path for extension control files.					$system
external_pid_file			postmaster	string	File Locations	Writes the postmaster PID to the specified file.					
extra_float_digits	1	1	user	integer	Client Connection Defaults / Locale and Formatting	Sets the number of digits displayed for floating-point values.		-15	3		1
file_copy_method	copy	copy	user	enum	Resource Usage / Disk	Selects the file copy method.				{copy,clone}	copy
file_extend_method	posix_fallocate	posix_fallocate	sighup	enum	Resource Usage / Disk	Selects the method used for extending data files.				{posix_fallocate,write_zeros}	posix_fallocate
from_collapse_limit	8	8	user	integer	Query Tuning / Other Planner Options	Sets the FROM-list size beyond which subqueries are not collapsed.		1	2147483647		8
fsync	on	on	sighup	bool	Write-Ahead Log / Settings	Forces synchronization of updates to disk.					on
full_page_writes	on	on	sighup	bool	Write-Ahead Log / Settings	Writes full pages to WAL when first modified after a checkpoint.					on
geqo	on	on	user	bool	Query Tuning / Genetic Query Optimizer	Enables genetic query optimization.					on
geqo_effort	5	5	user	integer	Query Tuning / Genetic Query Optimizer	GEQO: effort is used to set the default for other GEQO parameters.		1	10		5
geqo_generations	0	0	user	integer	Query Tuning / Genetic Query Optimizer	GEQO: number of iterations of the algorithm.		0	2147483647		0
geqo_pool_size	0	0	user	integer	Query Tuning / Genetic Query Optimizer	GEQO: number of individuals in the population.		0	2147483647		0
geqo_seed	0	0	user	real	Query Tuning / Genetic Query Optimizer	GEQO: seed for random path selection.		0	1		0
geqo_selection_bias	2	2	user	real	Query Tuning / Genetic Query Optimizer	GEQO: selective pressure within the population.		1.5	2		2
geqo_threshold	12	12	user	integer	Query Tuning / Genetic Query Optimizer	Sets the threshold of FROM items beyond which GEQO is used.		2	2147483647		12
gin_fuzzy_search_limit	0	0	user	integer	Client Connection Defaults / Other Defaults	Sets the maximum allowed result for exact search by GIN.		0	2147483647		0
gin_pending_list_limit	4MB	4096	user	integer	Client Connection Defaults / Statement Behavior	Sets the maximum size of the pending list for GIN index.	kB	64	2147483647		4096
gss_accept_delegation	off	off	sighup	bool	Connections and Authentication / Authentication	Sets whether GSSAPI delegation should be accepted from the client.					off
hash_mem_multiplier	2	2	user	real	Resource Usage / Memory	Multiple of "work_mem" to use for hash tables.		1	1000		2
hba_file			postmaster	string	File Locations	Sets the server's "hba" configuration file.					
hot_standby	on	on	postmaster	bool	Replication / Standby Servers	Allows connections and queries during recovery.					on
hot_standby_feedback	off	off	sighup	bool	Replication / Standby Servers	Allows feedback from a hot standby to the primary that will avoid query conflicts.					off
huge_page_size	0	0	postmaster	integer	Resource Usage / Memory	The size of huge page that should be requested.	kB	0	2147483647		0
huge_pages	try	try	postmaster	enum	Resource Usage / Memory	Use of huge pages on Linux or Windows.				{off,on,try}	try
huge_pages_status	off	off	internal	enum	Preset Options	Indicates the status of huge pages.				{off,on,unknown}	unknown
icu_validation_level	warning	warning	user	enum	Client Connection Defaults / Locale and Formatting	Log level for reporting invalid ICU locale strings.				{disabled,debug5,debug4,debug3,debug2,debug1,log,notice,warning,error}	warning
ident_file			postmaster	string	File Locations	Sets the server's "ident" configuration file.					
idle_in_transaction_session_timeout	0	0	user	integer	Client Connection Defaults / Statement Behavior	Sets the maximum allowed idle time between queries, when in a transaction.	ms	0	2147483647		0
idle_replication_slot_timeout	0	0	sighup	integer	Replication / Sending Servers	Sets the duration a replication slot can remain idle before it is invalidated.	s	0	2147483647		0
idle_session_timeout	0	0	user	integer	Client Connection Defaults / Statement Behavior	Sets the maximum allowed idle time between queries, when not in a transaction.	ms	0	2147483647		0
ignore_checksum_failure	off	off	superuser	bool	Developer Options	Continues processing after a checksum failure.					off
ignore_invalid_pages	off	off	postmaster	bool	Developer Options	Continues recovery after an invalid pages failure.					off
ignore_system_indexes	off	off	backend	bool	Developer Options	Disables reading from system indexes.					off
in_hot_standby	off	off	internal	bool	Preset Options	Shows whether hot standby is currently active.					off
integer_datetimes	on	on	internal	bool	Preset Options	Shows whether datetimes are integer based.					on
IntervalStyle	postgres	postgres	user	enum	Client Connection Defaults / Locale and Formatting	Sets the display format for interval values.				{postgres,postgres_verbose,sql_standard,iso_8601}	postgres
io_combine_limit	128kB	16	user	integer	Resource Usage / I/O	Limit on the size of data reads and writes.	8kB	1	128		16
io_max_combine_limit	128kB	16	postmaster	integer	Resource Usage / I/O	Server-wide limit that clamps io_combine_limit.	8kB	1	128		16
io_max_concurrency	64	64	postmaster	integer	Resource Usage / I/O	Max number of IOs that one process can execute simultaneously.		-1	1024		-1
io_method	worker	worker	postmaster	enum	Resource Usage / I/O	Selects the method for executing asynchronous I/O.				{sync,worker,io_uring}	worker
io_workers	3	3	sighup	integer	Resource Usage / I/O	Number of IO worker processes, for io_method=worker.		1	32		3
jit	on	on	user	bool	Query Tuning / Other Planner Options	Allow JIT compilation.					on
jit_above_cost	100000	100000	user	real	Query Tuning / Planner Cost Constants	Perform JIT compilation if query is more expensive.		-1	1.79769e+308		100000
jit_debugging_support	off	off	superuser-backend	bool	Developer Options	Register JIT-compiled functions with debugger.					off
jit_dump_bitcode	off	off	superuser	bool	Developer Options	Write out LLVM bitcode to facilitate JIT debugging.					off
jit_expressions	on	on	user	bool	Developer Options	Allow JIT compilation of expressions.					on
jit_inline_above_cost	500000	500000	user	real	Query Tuning / Planner Cost Constants	Perform JIT inlining if query is more expensive.		-1	1.79769e+308		500000
jit_optimize_above_cost	500000	500000	user	real	Query Tuning / Planner Cost Constants	Optimize JIT-compiled functions if query is more expensive.		-1	1.79769e+308		500000
jit_profiling_support	off	off	superuser-backend	bool	Developer Options	Register JIT-compiled functions with perf profiler.					off
jit_provider	llvmjit	llvmjit	postmaster	string	Client Connection Defaults / Shared Library Preloading	JIT provider to use.					llvmjit
jit_tuple_deforming	on	on	user	bool	Developer Options	Allow JIT compilation of tuple deforming.					on
join_collapse_limit	8	8	user	integer	Query Tuning / Other Planner Options	Sets the FROM-list size beyond which JOIN constructs are not flattened.		1	2147483647		8
krb_caseins_users	off	off	sighup	bool	Connections and Authentication / Authentication	Sets whether Kerberos and GSSAPI user names should be treated as case-insensitive.					off
krb_server_keyfile			sighup	string	Connections and Authentication / Authentication	Sets the location of the Kerberos server key file.					
lc_messages	C	C	superuser	string	Client Connection Defaults / Locale and Formatting	Sets the language in which messages are displayed.					
lc_monetary	C	C	user	string	Client Connection Defaults / Locale and Formatting	Sets the locale for formatting monetary amounts.					C
lc_numeric	C	C	user	string	Client Connection Defaults / Locale and Formatting	Sets the locale for formatting numbers.					C
lc_time	C	C	user	string	Client Connection Defaults / Locale and Formatting	Sets the locale for formatting date and time values.					C
listen_addresses	*	*	postmaster	string	Connections and Authentication / Connection Settings	Sets the host name or IP address(es) to listen to.					localhost
lo_compat_privileges	off	off	superuser	bool	Version and Platform Compatibility / Previous PostgreSQL Versions	Enables backward compatibility mode for privilege checks on large objects.					off
local_preload_libraries			user	string	Client Connection Defaults / Shared Library Preloading	Lists unprivileged shared libraries to preload into each backend.					
lock_timeout	0	0	user	integer	Client Connection Defaults / Statement Behavior	Sets the maximum allowed duration of any wait for a lock.	ms	0	2147483647		0
log_autovacuum_min_duration	10min	600000	sighup	integer	Reporting and Logging / What to Log	Sets the minimum execution time above which autovacuum actions will be logged.	ms	-1	2147483647		600000
log_checkpoints	on	on	sighup	bool	Reporting and Logging / What to Log	Logs each checkpoint.					on
log_connections			superuser-backend	string	Reporting and Logging / What to Log	Logs specified aspects of connection establishment and setup.					
log_destination	stderr	stderr	sighup	string	Reporting and Logging / Where to Log	Sets the destination for server log output.					stderr
log_directory	log	log	sighup	string	Reporting and Logging / Where to Log	Sets the destination directory for log files.					log
log_disconnections	off	off	superuser-backend	bool	Reporting and Logging / What to Log	Logs end of a session, including duration.					off
log_duration	off	off	superuser	bool	Reporting and Logging / What to Log	Logs the duration of each completed SQL statement.					off
log_error_verbosity	default	default	superuser	enum	Reporting and Logging / What to Log	Sets the verbosity of logged messages.				{terse,default,verbose}	default
log_executor_stats	off	off	superuser	bool	Statistics / Monitoring	Writes executor performance statistics to the server log.					off
log_file_mode	0600	0600	sighup	integer	Reporting and Logging / Where to Log	Sets the file permissions for log files.		0	511		384
log_filename	postgresql-%Y-%m-%d_%H%M%S.log	postgresql-%Y-%m-%d_%H%M%S.log	sighup	string	Reporting and Logging / Where to Log	Sets the file name pattern for log files.					postgresql-%Y-%m-%d_%H%M%S.log
log_hostname	off	off	sighup	bool	Reporting and Logging / What to Log	Logs the host name in the connection logs.					off
log_line_prefix	%m [%p] 	%m [%p] 	sighup	string	Reporting and Logging / What to Log	Controls information prefixed to each log line.					%m [%p] 
log_lock_failures	off	off	superuser	bool	Reporting and Logging / What to Log	Logs lock failures.					off
log_lock_waits	off	off	superuser	bool	Reporting and Logging / What to Log	Logs long lock waits.					off
log_min_duration_sample	-1	-1	superuser	integer	Reporting and Logging / When to Log	Sets the minimum execution time above which a sample of statements will be logged. Sampling is determined by "log_statement_sample_rate".	ms	-1	2147483647		-1
log_min_duration_statement	-1	-1	superuser	integer	Reporting and Logging / When to Log	Sets the minimum execution time above which all statements will be logged.	ms	-1	2147483647		-1
log_min_error_statement	error	error	superuser	enum	Reporting and Logging / When to Log	Causes all statements generating error at or above this level to be logged.				{debug5,debug4,debug3,debug2,debug1,info,notice,warning,error,log,fatal,panic}	error
log_min_messages	warning	warning	superuser	enum	Reporting and Logging / When to Log	Sets the message levels that are logged.				{debug5,debug4,debug3,debug2,debug1,info,notice,warning,error,log,fatal,panic}	warning
log_parameter_max_length	-1	-1	superuser	integer	Reporting and Logging / What to Log	Sets the maximum length in bytes of data logged for bind parameter values when logging statements.	B	-1	1073741823		-1
log_parameter_max_length_on_error	0	0	user	integer	Reporting and Logging / What to Log	Sets the maximum length in bytes of data logged for bind parameter values when logging statements, on error.	B	-1	1073741823		0
log_parser_stats	off	off	superuser	bool	Statistics / Monitoring	Writes parser performance statistics to the server log.					off
log_planner_stats	off	off	superuser	bool	Statistics / Monitoring	Writes planner performance statistics to the server log.					off
log_recovery_conflict_waits	off	off	sighup	bool	Reporting and Logging / What to Log	Logs standby recovery conflict waits.					off
log_replication_commands	off	off	superuser	bool	Reporting and Logging / What to Log	Logs each replication command.					off
log_rotation_age	1d	1440	sighup	integer	Reporting and Logging / Where to Log	Sets the amount of time to wait before forcing log file rotation.	min	0	35791394		1440
log_rotation_size	10MB	10240	sighup	integer	Reporting and Logging / Where to Log	Sets the maximum size a log file can reach before being rotated.	kB	0	2147483647		10240
log_startup_progress_interval	10s	10000	sighup	integer	Reporting and Logging / When to Log	Time between progress updates for long-running startup operations.	ms	0	2147483647		10000
log_statement	none	none	superuser	enum	Reporting and Logging / What to Log	Sets the type of statements logged.				{none,ddl,mod,all}	none
log_statement_sample_rate	1	1	superuser	real	Reporting and Logging / When to Log	Fraction of statements exceeding "log_min_duration_sample" to be logged.		0	1		1
log_statement_stats	off	off	superuser	bool	Statistics / Monitoring	Writes cumulative performance statistics to the server log.					off
log_temp_files	-1	-1	superuser	integer	Reporting and Logging / What to Log	Log the use of temporary files larger than this number of kilobytes.	kB	-1	2147483647		-1
log_timezone	UTC	UTC	sighup	string	Reporting and Logging / What to Log	Sets the time zone to use in log messages.					GMT
log_transaction_sample_rate	0	0	superuser	real	Reporting and Logging / When to Log	Sets the fraction of transactions from which to log all statements.		0	1		0
log_truncate_on_rotation	off	off	sighup	bool	Reporting and Logging / Where to Log	Truncate existing log files of same name during log rotation.					off
logging_collector	off	off	postmaster	bool	Reporting and Logging / Where to Log	Start a subprocess to capture stderr, csvlog and/or jsonlog into log files.					off
logical_decoding_work_mem	64MB	65536	user	integer	Resource Usage / Memory	Sets the maximum memory to be used for logical decoding.	kB	64	2147483647		65536
maintenance_io_concurrency	16	16	user	integer	Resource Usage / I/O	A variant of "effective_io_concurrency" that is used for maintenance work.		0	1000		16
maintenance_work_mem	64MB	65536	user	integer	Resource Usage / Memory	Sets the maximum memory to be used for maintenance operations.	kB	64	2147483647		65536
max_active_replication_origins	10	10	postmaster	integer	Replication / Subscribers	Sets the maximum number of active replication origins.		0	262143		10
max_connections	100	100	postmaster	integer	Connections and Authentication / Connection Settings	Sets the maximum number of concurrent connections.		1	262143		100
max_files_per_process	1000	1000	postmaster	integer	Resource Usage / Kernel Resources	Sets the maximum number of files each server process is allowed to open simultaneously.		64	2147483647		1000
max_function_args	100	100	internal	integer	Preset Options	Shows the maximum number of function arguments.		100	100		100
max_identifier_length	63	63	internal	integer	Preset Options	Shows the maximum identifier length.		63	63		63
max_index_keys	32	32	internal	integer	Preset Options	Shows the maximum number of index keys.		32	32		32
max_locks_per_transaction	64	64	postmaster	integer	Lock Management	Sets the maximum number of locks per transaction.		10	2147483647		64
max_logical_replication_workers	4	4	postmaster	integer	Replication / Subscribers	Maximum number of logical replication worker processes.		0	262143		4
max_notify_queue_pages	1048576	1048576	postmaster	integer	Resource Usage / Disk	Sets the maximum number of allocated pages for NOTIFY / LISTEN queue.		64	2147483647		1048576
max_parallel_apply_workers_per_subscription	2	2	sighup	integer	Replication / Subscribers	Maximum number of parallel apply workers per subscription.		0	1024		2
max_parallel_maintenance_workers	2	2	user	integer	Resource Usage / Worker Processes	Sets the maximum number of parallel processes per maintenance operation.		0	1024		2
max_parallel_workers	8	8	user	integer	Resource Usage / Worker Processes	Sets the maximum number of parallel workers that can be active at one time.		0	1024		8
max_parallel_workers_per_gather	2	2	user	integer	Resource Usage / Worker Processes	Sets the maximum number of parallel processes per executor node.		0	1024		2
max_pred_locks_per_page	2	2	sighup	integer	Lock Management	Sets the maximum number of predicate-locked tuples per page.		0	2147483647		2
max_pred_locks_per_relation	-2	-2	sighup	integer	Lock Management	Sets the maximum number of predicate-locked pages and tuples per relation.		-2147483648	2147483647		-2
max_pred_locks_per_transaction	64	64	postmaster	integer	Lock Management	Sets the maximum number of predicate locks per transaction.		10	2147483647		64
max_prepared_transactions	0	0	postmaster	integer	Resource Usage / Memory	Sets the maximum number of simultaneously prepared transactions.		0	262143		0
max_replication_slots	10	10	postmaster	integer	Replication / Sending Servers	Sets the maximum number of simultaneously defined replication slots.		0	262143		10
max_slot_wal_keep_size	-1	-1	sighup	integer	Replication / Sending Servers	Sets the maximum WAL size that can be reserved by replication slots.	MB	-1	2147483647		-1
max_stack_depth	2MB	2048	superuser	integer	Resource Usage / Memory	Sets the maximum stack depth, in kilobytes.	kB	100	2147483647		100
max_standby_archive_delay	30s	30000	sighup	integer	Replication / Standby Servers	Sets the maximum delay before canceling queries when a hot standby server is processing archived WAL data.	ms	-1	2147483647		30000
max_standby_streaming_delay	30s	30000	sighup	integer	Replication / Standby Servers	Sets the maximum delay before canceling queries when a hot standby server is processing streamed WAL data.	ms	-1	2147483647		30000
max_sync_workers_per_subscription	2	2	sighup	integer	Replication / Subscribers	Maximum number of table synchronization workers per subscription.		0	262143		2
max_wal_senders	10	10	postmaster	integer	Replication / Sending Servers	Sets the maximum number of simultaneously running WAL sender processes.		0	262143		10
max_wal_size	1GB	1024	sighup	integer	Write-Ahead Log / Checkpoints	Sets the WAL size that triggers a checkpoint.	MB	2	2147483647		1024
max_worker_processes	8	8	postmaster	integer	Resource Usage / Worker Processes	Maximum number of concurrent worker processes.		0	262143		8
md5_password_warnings	on	on	user	bool	Connections and Authentication / Authentication	Enables deprecation warnings for MD5 passwords.					on
min_dynamic_shared_memory	0	0	postmaster	integer	Resource Usage / Memory	Amount of dynamic shared memory reserved at startup.	MB	0	2147483647		0
min_parallel_index_scan_size	512kB	64	user	integer	Query Tuning / Planner Cost Constants	Sets the minimum amount of index data for a parallel scan.	8kB	0	715827882		64
min_parallel_table_scan_size	8MB	1024	user	integer	Query Tuning / Planner Cost Constants	Sets the minimum amount of table data for a parallel scan.	8kB	0	715827882		1024
min_wal_size	80MB	80	sighup	integer	Write-Ahead Log / Checkpoints	Sets the minimum size to shrink the WAL to.	MB	2	2147483647		80
multixact_member_buffers	256kB	32	postmaster	integer	Resource Usage / Memory	Sets the size of the dedicated buffer pool used for the MultiXact member cache.	8kB	16	131072		32
multixact_offset_buffers	128kB	16	postmaster	integer	Resource Usage / Memory	Sets the size of the dedicated buffer pool used for the MultiXact offset cache.	8kB	16	131072		16
notify_buffers	128kB	16	postmaster	integer	Resource Usage / Memory	Sets the size of the dedicated buffer pool used for the LISTEN/NOTIFY message cache.	8kB	16	131072		16
num_os_semaphores	174	174	internal	integer	Preset Options	Shows the number of semaphores required for the server.		0	2147483647		0
oauth_validator_libraries			sighup	string	Connections and Authentication / Authentication	Lists libraries that may be called to validate OAuth v2 bearer tokens.					
parallel_leader_participation	on	on	user	bool	Resource Usage / Worker Processes	Controls whether Gather and Gather Merge also run subplans.					on
parallel_setup_cost	1000	1000	user	real	Query Tuning / Planner Cost Constants	Sets the planner's estimate of the cost of starting up worker processes for parallel query.		0	1.79769e+308		1000
parallel_tuple_cost	0.1	0.1	user	real	Query Tuning / Planner Cost Constants	Sets the planner's estimate of the cost of passing each tuple (row) from worker to leader backend.		0	1.79769e+308		0.1
password_encryption	scram-sha-256	scram-sha-256	user	enum	Connections and Authentication / Authentication	Chooses the algorithm for encrypting passwords.				{md5,scram-sha-256}	scram-sha-256
plan_cache_mode	auto	auto	user	enum	Query Tuning / Other Planner Options	Controls the planner's selection of custom or generic plan.				{auto,force_generic_plan,force_custom_plan}	auto
port	5432	5432	postmaster	integer	Connections and Authentication / Connection Settings	Sets the TCP port the server listens on.		1	65535		5432
post_auth_delay	0	0	backend	integer	Developer Options	Sets the amount of time to wait after authentication on connection startup.	s	0	2147		0
pre_auth_delay	0	0	sighup	integer	Developer Options	Sets the amount of time to wait before authentication on connection startup.	s	0	60		0
primary_conninfo			sighup	string	Replication / Standby Servers	Sets the connection string to be used to connect to the sending server.					
primary_slot_name			sighup	string	Replication / Standby Servers	Sets the name of the replication slot to use on the sending server.					
quote_all_identifiers	off	off	user	bool	Version and Platform Compatibility / Previous PostgreSQL Versions	When generating SQL fragments, quote all identifiers.					off
random_page_cost	4	4	user	real	Query Tuning / Planner Cost Constants	Sets the planner's estimate of the cost of a nonsequentially fetched disk page.		0	1.79769e+308		4
recovery_end_command			sighup	string	Write-Ahead Log / Archive Recovery	Sets the shell command that will be executed once at the end of recovery.					
recovery_init_sync_method	fsync	fsync	sighup	enum	Error Handling	Sets the method for synchronizing the data directory before crash recovery.				{fsync,syncfs}	fsync
recovery_min_apply_delay	0	0	sighup	integer	Replication / Standby Servers	Sets the minimum delay for applying changes during recovery.	ms	0	2147483647		0
recovery_prefetch	try	try	sighup	enum	Write-Ahead Log / Recovery	Prefetch referenced blocks during recovery.				{off,on,try}	try
recovery_target			postmaster	string	Write-Ahead Log / Recovery Target	Set to "immediate" to end recovery as soon as a consistent state is reached.					
recovery_target_action	pause	pause	postmaster	enum	Write-Ahead Log / Recovery Target	Sets the action to perform upon reaching the recovery target.				{pause,promote,shutdown}	pause
recovery_target_inclusive	on	on	postmaster	bool	Write-Ahead Log / Recovery Target	Sets whether to include or exclude transaction with recovery target.					on
recovery_target_lsn			postmaster	string	Write-Ahead Log / Recovery Target	Sets the LSN of the write-ahead log location up to which recovery will proceed.					
recovery_target_name			postmaster	string	Write-Ahead Log / Recovery Target	Sets the named restore point up to which recovery will proceed.					
recovery_target_time			postmaster	string	Write-Ahead Log / Recovery Target	Sets the time stamp up to which recovery will proceed.					
recovery_target_timeline	latest	latest	postmaster	string	Write-Ahead Log / Recovery Target	Specifies the timeline to recover into.					latest
recovery_target_xid			postmaster	string	Write-Ahead Log / Recovery Target	Sets the transaction ID up to which recovery will proceed.					
recursive_worktable_factor	10	10	user	real	Query Tuning / Other Planner Options	Sets the planner's estimate of the average size of a recursive query's working table.		0.001	1e+06		10
remove_temp_files_after_crash	on	on	sighup	bool	Developer Options	Remove temporary files after backend crash.					on
reserved_connections	0	0	postmaster	integer	Connections and Authentication / Connection Settings	Sets the number of connection slots reserved for roles with privileges of pg_use_reserved_connections.		0	262143		0
restart_after_crash	on	on	sighup	bool	Error Handling	Reinitialize server after backend crash.					on
restore_command			sighup	string	Write-Ahead Log / Archive Recovery	Sets the shell command that will be called to retrieve an archived WAL file.					
restrict_nonsystem_relation_kind			user	string	Client Connection Defaults / Statement Behavior	Prohibits access to non-system relations of specified kinds.					
row_security	on	on	user	bool	Client Connection Defaults / Statement Behavior	Enables row security.					on
scram_iterations	4096	4096	user	integer	Connections and Authentication / Authentication	Sets the iteration count for SCRAM secret generation.		1	2147483647		4096
search_path	"$user", public	"$user", public	user	string	Client Connection Defaults / Statement Behavior	Sets the schema search order for names that are not schema-qualified.					"$user", public
segment_size	1GB	131072	internal	integer	Preset Options	Shows the number of pages per disk file.	8kB	131072	131072		131072
send_abort_for_crash	off	off	sighup	bool	Developer Options	Send SIGABRT not SIGQUIT to child processes after backend crash.					off
send_abort_for_kill	off	off	sighup	bool	Developer Options	Send SIGABRT not SIGKILL to stuck child processes.					off
seq_page_cost	1	1	user	real	Query Tuning / Planner Cost Constants	Sets the planner's estimate of the cost of a sequentially fetched disk page.		0	1.79769e+308		1
serializable_buffers	256kB	32	postmaster	integer	Resource Usage / Memory	Sets the size of the dedicated buffer pool used for the serializable transaction cache.	8kB	16	131072		32
server_encoding	UTF8	UTF8	internal	string	Preset Options	Shows the server (database) character set encoding.					SQL_ASCII
server_version	18.0	18.0	internal	string	Preset Options	Shows the server version.					18.0
server_version_num	180000	180000	internal	integer	Preset Options	Shows the server version as an integer.		180004	180004		180000
session_preload_libraries			superuser	string	Client Connection Defaults / Shared Library Preloading	Lists shared libraries to preload into each backend.					
session_replication_role	origin	origin	superuser	enum	Client Connection Defaults / Statement Behavior	Sets the session's behavior for triggers and rewrite rules.				{origin,replica,local}	origin
shared_buffers	128MB	16384	postmaster	integer	Resource Usage / Memory	Sets the number of shared memory buffers used by the server.	8kB	16	1073741823		16384
shared_memory_size	150MB	150	internal	integer	Preset Options	Shows the size of the server's main shared memory area (rounded up to the nearest MB).	MB	0	2147483647		0
shared_memory_size_in_huge_pages	75	75	internal	integer	Preset Options	Shows the number of huge pages needed for the main shared memory area.		-1	2147483647		-1
shared_memory_type	mmap	mmap	postmaster	enum	Resource Usage / Memory	Selects the shared memory implementation used for the main shared memory region.				{sysv,mmap}	mmap
shared_preload_libraries			postmaster	string	Client Connection Defaults / Shared Library Preloading	Lists shared libraries to preload into server.					
ssl	off	off	sighup	bool	Connections and Authentication / SSL	Enables SSL connections.					off
ssl_ca_file			sighup	string	Connections and Authentication / SSL	Location of the SSL certificate authority file.					
ssl_cert_file	server.crt	server.crt	sighup	string	Connections and Authentication / SSL	Location of the SSL server certificate file.					server.crt
ssl_ciphers	HIGH:MEDIUM:+3DES:!aNULL	HIGH:MEDIUM:+3DES:!aNULL	sighup	string	Connections and Authentication / SSL	Sets the list of allowed TLSv1.2 (and lower) ciphers.					HIGH:MEDIUM:+3DES:!aNULL
ssl_crl_dir			sighup	string	Connections and Authentication / SSL	Location of the SSL certificate revocation list directory.					
ssl_crl_file			sighup	string	Connections and Authentication / SSL	Location of the SSL certificate revocation list file.					
ssl_dh_params_file			sighup	string	Connections and Authentication / SSL	Location of the SSL DH parameters file.					
ssl_groups	X25519:prime256v1	X25519:prime256v1	sighup	string	Connections and Authentication / SSL	Sets the group(s) to use for Diffie-Hellman key exchange.					X25519:prime256v1
ssl_key_file	server.key	server.key	sighup	string	Connections and Authentication / SSL	Location of the SSL server private key file.					server.key
ssl_library	OpenSSL	OpenSSL	internal	string	Preset Options	Shows the name of the SSL library.					OpenSSL
ssl_max_protocol_version			sighup	enum	Connections and Authentication / SSL	Sets the maximum SSL/TLS protocol version to use.				{"",TLSv1,TLSv1.1,TLSv1.2,TLSv1.3}	
ssl_min_protocol_version	TLSv1.2	TLSv1.2	sighup	enum	Connections and Authentication / SSL	Sets the minimum SSL/TLS protocol version to use.				{TLSv1,TLSv1.1,TLSv1.2,TLSv1.3}	TLSv1.2
ssl_passphrase_command			sighup	string	Connections and Authentication / SSL	Command to obtain passphrases for SSL.					
ssl_passphrase_command_supports_reload	off	off	sighup	bool	Connections and Authentication / SSL	Controls whether "ssl_passphrase_command" is called during server reload.					off
ssl_prefer_server_ciphers	on	on	sighup	bool	Connections and Authentication / SSL	Give priority to server ciphersuite order.					on
ssl_tls13_ciphers			sighup	string	Connections and Authentication / SSL	Sets the list of allowed TLSv1.3 cipher suites.					
standard_conforming_strings	on	on	user	bool	Version and Platform Compatibility / Previous PostgreSQL Versions	Causes '...' strings to treat backslashes literally.					on
statement_timeout	0	0	user	integer	Client Connection Defaults / Statement Behavior	Sets the maximum allowed duration of any statement.	ms	0	2147483647		0
stats_fetch_consistency	cache	cache	user	enum	Statistics / Cumulative Query and Index Statistics	Sets the consistency of accesses to statistics data.				{none,cache,snapshot}	cache
subtransaction_buffers	256kB	32	postmaster	integer	Resource Usage / Memory	Sets the size of the dedicated buffer pool used for the subtransaction cache.	8kB	0	131072		0
summarize_wal	off	off	sighup	bool	Write-Ahead Log / Summarization	Starts the WAL summarizer process to enable incremental backup.					off
superuser_reserved_connections	3	3	postmaster	integer	Connections and Authentication / Connection Settings	Sets the number of connection slots reserved for superusers.		0	262143		3
sync_replication_slots	off	off	sighup	bool	Replication / Standby Servers	Enables a physical standby to synchronize logical failover replication slots from the primary server.					off
synchronize_seqscans	on	on	user	bool	Version and Platform Compatibility / Previous PostgreSQL Versions	Enables synchronized sequential scans.					on
synchronized_standby_slots			sighup	string	Replication / Primary Server	Lists streaming replication standby server replication slot names that logical WAL sender processes will wait for.					
synchronous_commit	on	on	user	enum	Write-Ahead Log / Settings	Sets the current transaction's synchronization level.				{local,remote_write,remote_apply,on,off}	on
synchronous_standby_names			sighup	string	Replication / Primary Server	Number of synchronous standbys and list of names of potential synchronous ones.					
syslog_facility	local0	local0	sighup	enum	Reporting and Logging / Where to Log	Sets the syslog "facility" to be used when syslog enabled.				{local0,local1,local2,local3,local4,local5,local6,local7}	local0
syslog_ident	postgres	postgres	sighup	string	Reporting and Logging / Where to Log	Sets the program name used to identify PostgreSQL messages in syslog.					postgres
syslog_sequence_numbers	on	on	sighup	bool	Reporting and Logging / Where to Log	Add sequence number to syslog messages to avoid duplicate suppression.					on
syslog_split_messages	on	on	sighup	bool	Reporting and Logging / Where to Log	Split messages sent to syslog by lines and to fit into 1024 bytes.					on
tcp_keepalives_count	9	9	user	integer	Connections and Authentication / TCP Settings	Maximum number of TCP keepalive retransmits.		0	2147483647		0
tcp_keepalives_idle	7200	7200	user	integer	Connections and Authentication / TCP Settings	Time between issuing TCP keepalives.	s	0	2147483647		0
tcp_keepalives_interval	75	75	user	integer	Connections and Authentication / TCP Settings	Time between TCP keepalive retransmits.	s	0	2147483647		0
tcp_user_timeout	0	0	user	integer	Connections and Authentication / TCP Settings	TCP user timeout.	ms	0	2147483647		0
temp_buffers	8MB	1024	user	integer	Resource Usage / Memory	Sets the maximum number of temporary buffers used by each session.	8kB	100	1073741823		1024
temp_file_limit	-1	-1	superuser	integer	Resource Usage / Disk	Limits the total size of all temporary files used by each process.	kB	-1	2147483647		-1
temp_tablespaces			user	string	Client Connection Defaults / Statement Behavior	Sets the tablespace(s) to use for temporary tables and sort files.					
TimeZone	UTC	UTC	user	string	Client Connection Defaults / Locale and Formatting	Sets the time zone for displaying and interpreting time stamps.					GMT
timezone_abbreviations	Default	Default	user	string	Client Connection Defaults / Locale and Formatting	Selects a file of time zone abbreviations.					
trace_connection_negotiation	off	off	postmaster	bool	Developer Options	Logs details of pre-authentication connection handshake.					off
trace_notify	off	off	user	bool	Developer Options	Generates debugging output for LISTEN and NOTIFY.					off
trace_sort	off	off	user	bool	Developer Options	Emit information about resource usage in sorting.					off
track_activities	on	on	superuser	bool	Statistics / Cumulative Query and Index Statistics	Collects information about executing commands.					on
track_activity_query_size	1kB	1024	postmaster	integer	Statistics / Cumulative Query and Index Statistics	Sets the size reserved for pg_stat_activity.query, in bytes.	B	100	1048576		1024
track_commit_timestamp	off	off	postmaster	bool	Replication / Sending Servers	Collects transaction commit time.					off
track_cost_delay_timing	off	off	superuser	bool	Statistics / Cumulative Query and Index Statistics	Collects timing statistics for cost-based vacuum delay.					off
track_counts	on	on	superuser	bool	Statistics / Cumulative Query and Index Statistics	Collects statistics on database activity.					on
track_functions	none	none	superuser	enum	Statistics / Cumulative Query and Index Statistics	Collects function-level statistics on database activity.				{none,pl,all}	none
track_io_timing	off	off	superuser	bool	Statistics / Cumulative Query and Index Statistics	Collects timing statistics for database I/O activity.					off
track_wal_io_timing	off	off	superuser	bool	Statistics / Cumulative Query and Index Statistics	Collects timing statistics for WAL I/O activity.					off
transaction_buffers	256kB	32	postmaster	integer	Resource Usage / Memory	Sets the size of the dedicated buffer pool used for the transaction status cache.	8kB	0	131072		0
transaction_deferrable	off	off	user	bool	Client Connection Defaults / Statement Behavior	Whether to defer a read-only serializable transaction until it can be executed with no possible serialization failures.					off
transaction_isolation	read committed	read committed	user	enum	Client Connection Defaults / Statement Behavior	Sets the current transaction's isolation level.				{serializable,"repeatable read","read committed","read uncommitted"}	read committed
transaction_read_only	off	off	user	bool	Client Connection Defaults / Statement Behavior	Sets the current transaction's read-only status.					off
transaction_timeout	0	0	user	integer	Client Connection Defaults / Statement Behavior	Sets the maximum allowed duration of any transaction within a session (not a prepared transaction).	ms	0	2147483647		0
transform_null_equals	off	off	user	bool	Version and Platform Compatibility / Other Platforms and Clients	Treats "expr=NULL" as "expr IS NULL".					off
unix_socket_directories			postmaster	string	Connections and Authentication / Connection Settings	Sets the directories where Unix-domain sockets will be created.					
unix_socket_group			postmaster	string	Connections and Authentication / Connection Settings	Sets the owning group of the Unix-domain socket.					
unix_socket_permissions	0777	0777	postmaster	integer	Connections and Authentication / Connection Settings	Sets the access permissions of the Unix-domain socket.		0	511		511
update_process_title	on	on	superuser	bool	Reporting and Logging / Process Title	Updates the process title to show the active SQL command.					on
vacuum_buffer_usage_limit	2MB	2048	user	integer	Resource Usage / Memory	Sets the buffer pool size for VACUUM, ANALYZE, and autovacuum.	kB	0	16777216		2048
vacuum_cost_delay	0	0	user	real	Vacuuming / Cost-Based Vacuum Delay	Vacuum cost delay in milliseconds.	ms	0	100		0
vacuum_cost_limit	200	200	user	integer	Vacuuming / Cost-Based Vacuum Delay	Vacuum cost amount available before napping.		1	10000		200
vacuum_cost_page_dirty	20	20	user	integer	Vacuuming / Cost-Based Vacuum Delay	Vacuum cost for a page dirtied by vacuum.		0	10000		20
vacuum_cost_page_hit	1	1	user	integer	Vacuuming / Cost-Based Vacuum Delay	Vacuum cost for a page found in the buffer cache.		0	10000		1
vacuum_cost_page_miss	2	2	user	integer	Vacuuming / Cost-Based Vacuum Delay	Vacuum cost for a page not found in the buffer cache.		0	10000		2
vacuum_failsafe_age	1600000000	1600000000	user	integer	Vacuuming / Freezing	Age at which VACUUM should trigger failsafe to avoid a wraparound outage.		0	2100000000		1600000000
vacuum_freeze_min_age	50000000	50000000	user	integer	Vacuuming / Freezing	Minimum age at which VACUUM should freeze a table row.		0	1000000000		50000000
vacuum_freeze_table_age	150000000	150000000	user	integer	Vacuuming / Freezing	Age at which VACUUM should scan whole table to freeze tuples.		0	2000000000		150000000
vacuum_max_eager_freeze_failure_rate	0.03	0.03	user	real	Vacuuming / Freezing	Fraction of pages in a relation vacuum can scan and fail to freeze before disabling eager scanning.		0	1		0.03
vacuum_multixact_failsafe_age	1600000000	1600000000	user	integer	Vacuuming / Freezing	Multixact age at which VACUUM should trigger failsafe to avoid a wraparound outage.		0	2100000000		1600000000
vacuum_multixact_freeze_min_age	5000000	5000000	user	integer	Vacuuming / Freezing	Minimum age at which VACUUM should freeze a MultiXactId in a table row.		0	1000000000		5000000
vacuum_multixact_freeze_table_age	150000000	150000000	user	integer	Vacuuming / Freezing	Multixact age at which VACUUM should scan whole table to freeze tuples.		0	2000000000		150000000
vacuum_truncate	on	on	user	bool	Vacuuming / Default Behavior	Enables vacuum to truncate empty pages at the end of the table.					on
wal_block_size	8192	8192	internal	integer	Preset Options	Shows the block size in the write ahead log.		8192	8192		8192
wal_buffers	4MB	512	postmaster	integer	Write-Ahead Log / Settings	Sets the number of disk-page buffers in shared memory for WAL.	8kB	-1	262143		-1
wal_compression	off	off	superuser	enum	Write-Ahead Log / Settings	Compresses full-page writes written in WAL file with specified method.				{pglz,lz4,zstd,on,off}	off
wal_consistency_checking			superuser	string	Developer Options	Sets the WAL resource managers for which WAL consistency checks are done.					
wal_decode_buffer_size	512kB	524288	postmaster	integer	Write-Ahead Log / Recovery	Buffer size for reading ahead in the WAL during recovery.	B	65536	1073741823		524288
wal_init_zero	on	on	superuser	bool	Write-Ahead Log / Settings	Writes zeroes to new WAL files before first use.					on
wal_keep_size	0	0	sighup	integer	Replication / Sending Servers	Sets the size of WAL files held for standby servers.	MB	0	2147483647		0
wal_level	replica	replica	postmaster	enum	Write-Ahead Log / Settings	Sets the level of information written to the WAL.				{minimal,replica,logical}	replica
wal_log_hints	off	off	postmaster	bool	Write-Ahead Log / Settings	Writes full pages to WAL when first modified after a checkpoint, even for a non-critical modification.					off
wal_receiver_create_temp_slot	off	off	sighup	bool	Replication / Standby Servers	Sets whether a WAL receiver should create a temporary replication slot if no permanent slot is configured.					off
wal_receiver_status_interval	10s	10	sighup	integer	Replication / Standby Servers	Sets the maximum interval between WAL receiver status reports to the sending server.	s	0	2147483		10
wal_receiver_timeout	1min	60000	sighup	integer	Replication / Standby Servers	Sets the maximum wait time to receive data from the sending server.	ms	0	2147483647		60000
wal_recycle	on	on	superuser	bool	Write-Ahead Log / Settings	Recycles WAL files by renaming them.					on
wal_retrieve_retry_interval	5s	5000	sighup	integer	Replication / Standby Servers	Sets the time to wait before retrying to retrieve WAL after a failed attempt.	ms	1	2147483647		5000
wal_segment_size	16MB	16777216	internal	integer	Preset Options	Shows the size of write ahead log segments.	B	1048576	1073741824		16777216
wal_sender_timeout	1min	60000	user	integer	Replication / Sending Servers	Sets the maximum time to wait for WAL replication.	ms	0	2147483647		60000
wal_skip_threshold	2MB	2048	user	integer	Write-Ahead Log / Settings	Minimum size of new file to fsync instead of writing WAL.	kB	0	2147483647		2048
wal_summary_keep_time	10d	14400	sighup	integer	Write-Ahead Log / Summarization	Time for which WAL summary files should be kept.	min	0	35791394		14400
wal_sync_method	fdatasync	fdatasync	sighup	enum	Write-Ahead Log / Settings	Selects the method used for forcing WAL updates to disk.				{fsync,fdatasync,open_sync,open_datasync}	fdatasync
wal_writer_delay	200ms	200	sighup	integer	Write-Ahead Log / Settings	Time between WAL flushes performed in the WAL writer.	ms	1	10000		200
wal_writer_flush_after	1MB	128	sighup	integer	Write-Ahead Log / Settings	Amount of WAL written out by WAL writer that triggers a flush.	8kB	0	2147483647		128
work_mem	4MB	4096	user	integer	Resource Usage / Memory	Sets the maximum memory to be used for query workspaces.	kB	64	2147483647		4096
xmlbinary	base64	base64	user	enum	Client Connection Defaults / Statement Behavior	Sets how binary values are to be encoded in XML.				{base64,hex}	base64
xmloption	content	content	user	enum	Client Connection Defaults / Statement Behavior	Sets whether XML data in implicit parsing and serialization operations is to be considered as documents or content fragments.				{content,document}	content
zero_damaged_pages	off	off	superuser	bool	Developer Options	Continues processing past damaged page headers.					off
